{
	"Level": 0,
	"Score": 650,
	"Player": {
		"Health": 61,
		"Position": {
			"x": -117.557480,
			"y": 550.000000
		}
	}
}