{
	"Level": 0,
	"Score": 0,
	"Player": {
		"Health": 100,
		"Position": {
			"x": -285.050720,
			"y": 550.000000
		}
	}
}