{
	"Level": 1,
	"Score": 1000,
	"Player": {
		"Health": 100,
		"Position": {
			"x": 442.330963,
			"y": 550.000000
		}
	}
}